id,url,date,rawContent,hashtags,cashtags,media,lang,user,retweetCount,likeCount
1.44292E+18,https://twitter.com/NomadNewzjunkie/status/1442922296197320705,2021-09-28 18:40:58+00:00,"Doubts about election integrity are like a deadly virus moving through the body politic. Senators have a chance to do something to stop it. Will they?  https://t.co/P2Rso3h4hm via @WSJ 
#USPolitics #USElections","['USPolitics', 'USElections']",,,en,NomadNewzjunkie,0,0
1.4429E+18,https://twitter.com/hberg/status/1442902774799220736,2021-09-28 17:23:24+00:00,#Florida Governor Ron DeSantis orders investigation of Facebook‚Äôs #censorship protection of certain elites https://t.co/PcVpTx251D #freespeech #uselections @RonDeSantisFL,"['Florida', 'censorship', 'freespeech', 'uselections']",,,en,hberg,0,0
1.44236E+18,https://twitter.com/infopap/status/1442362634754400256,2021-09-27 05:37:04+00:00,"the sheer inaccuracy of #exitpolls vs #actualvotescounted in #GermanElection2021 and the same in the #uselections last year is a clear case that exit polls should be eliminiated as an indicator of polls outcome.
Exit poll: is some guy sitting outside a polling station /1 https://t.co/gJNWMqpvWA","['exitpolls', 'actualvotescounted', 'GermanElection2021', 'uselections']",,"[{'_type': 'snscrape.modules.twitter.Photo', 'previewUrl': 'https://pbs.twimg.com/media/FARMjosVQAU1N1N?format=png&name=small', 'fullUrl': 'https://pbs.twimg.com/media/FARMjosVQAU1N1N?format=png&name=large'}, {'_type': 'snscrape.modules.twitter.Photo', 'previewUrl': 'https://pbs.twimg.com/media/FARMlNlXsAIuKRZ?format=png&name=small', 'fullUrl': 'https://pbs.twimg.com/media/FARMlNlXsAIuKRZ?format=png&name=large'}]",en,infopap,0,0
1.44182E+18,https://twitter.com/Spiralimus/status/1441815817356673030,2021-09-25 17:24:13+00:00,Wonder what would happen if #uselections were held today?,['uselections'],,,en,Spiralimus,0,0
1.44152E+18,https://twitter.com/NomadNewzjunkie/status/1441515800968499201,2021-09-24 21:32:03+00:00,"The Republican-led review of the presidential election results didn‚Äôt change President Biden‚Äôs victory, according to the Arizona county where the audit was conducted  https://t.co/Xm4b8hvNAw via @WSJ 
#USElections",['USElections'],,,en,NomadNewzjunkie,0,0
1.4415E+18,https://twitter.com/RetoRek/status/1441495488662949888,2021-09-24 20:11:20+00:00,"Und wieder f√§llt ein trumpsches L√ºgengebilde in sich zusammen. #Trump #Arizona #uselections #trumpisacriminal #biden 
https://t.co/FYTfysh7vD","['Trump', 'Arizona', 'uselections', 'trumpisacriminal', 'biden']",,,de,RetoRek,1,0
1.44128E+18,https://twitter.com/jbcraig/status/1441275769230172160,2021-09-24 05:38:15+00:00,"The much criticized review showed much the same results as in November, with 99 more Biden votes and 261 fewer Trump ones, reports @NYTimes #USelections üá∫üá∏  https://t.co/oqyrifCGY0",['USelections'],,,en,jbcraig,0,0
1.44066E+18,https://twitter.com/PhraAthit/status/1440663406374113288,2021-09-22 13:04:56+00:00,"Internes Memo Trump-Team log wissentlich √ºber ¬ªgestohlene Wahl¬´ 
#USelections #TrumpTeam #lying
https://t.co/RXspUxIgfr","['USelections', 'TrumpTeam', 'lying']",,,de,PhraAthit,0,0
1.44033E+18,https://twitter.com/PariWriting/status/1440327288260751361,2021-09-21 14:49:20+00:00,"Well shall repeat one more time I guess :) Yes we have #lyingspirits playing in diff #arena.. however, during #USelections, it was more #mindcontrol https://t.co/2lOQ4HSe4Z Were not #evangelicals used in a #warPR #campaign 2strengthen a ""notion"" FOR #Trump WIN? 21092021IST2019(1)","['lyingspirits', 'arena', 'USelections', 'mindcontrol', 'evangelicals', 'warPR', 'campaign', 'Trump']",,,en,PariWriting,0,0
1.44027E+18,https://twitter.com/TripleTwoSocial/status/1440273839821242375,2021-09-21 11:16:57+00:00,"#ThrowbackTuesday

#Throwback to a campaign for a very brave client, @AJEnglish. The campaign used digital technologies in innovative ways to reach a large audience.

#TripleTwo #Agency222 #LocalByDesign #AlJazeera #USElections #SuccessStories #Doha #Qatar #Qatar2022 https://t.co/fbzBLwdqFb","['ThrowbackTuesday', 'Throwback', 'TripleTwo', 'Agency222', 'LocalByDesign', 'AlJazeera', 'USElections', 'SuccessStories', 'Doha', 'Qatar', 'Qatar2022']",,"[{'_type': 'snscrape.modules.twitter.Video', 'thumbnailUrl': 'https://pbs.twimg.com/ext_tw_video_thumb/1440273647818534927/pu/img/UMtA5W6pEJt9Zs3A.jpg', 'variants': [{'_type': 'snscrape.modules.twitter.VideoVariant', 'contentType': 'video/mp4', 'url': 'https://video.twimg.com/ext_tw_video/1440273647818534927/pu/vid/720x900/ckUdGBBKm_s5wjKJ.mp4?tag=12', 'bitrate': 2176000}, {'_type': 'snscrape.modules.twitter.VideoVariant', 'contentType': 'application/x-mpegURL', 'url': 'https://video.twimg.com/ext_tw_video/1440273647818534927/pu/pl/-dD-yWoWrM1vjqGc.m3u8?tag=12&container=fmp4', 'bitrate': None}, {'_type': 'snscrape.modules.twitter.VideoVariant', 'contentType': 'video/mp4', 'url': 'https://video.twimg.com/ext_tw_video/1440273647818534927/pu/vid/480x600/H3ael5k838_knr5n.mp4?tag=12', 'bitrate': 950000}, {'_type': 'snscrape.modules.twitter.VideoVariant', 'contentType': 'video/mp4', 'url': 'https://video.twimg.com/ext_tw_video/1440273647818534927/pu/vid/320x400/JabSQrN_LPGmouqM.mp4?tag=12', 'bitrate': 632000}], 'duration': 24.0, 'views': 15}]",en,TripleTwoSocial,1,2
1.43996E+18,https://twitter.com/V1ktor/status/1439957387914498049,2021-09-20 14:19:29+00:00,"Wife voted in Canadian elections today and I got my electronic ballot to vote in the upcoming US elections. A good day for the democracy. Please vote! üá®üá¶üá∫üá≤

#Elxn44 #USElections #Elections #Democracy https://t.co/KGy8MKkpxL","['Elxn44', 'USElections', 'Elections', 'Democracy']",,"[{'_type': 'snscrape.modules.twitter.Gif', 'thumbnailUrl': 'https://pbs.twimg.com/tweet_video_thumb/E_vBnSgXEAM6bGu.jpg', 'variants': [{'_type': 'snscrape.modules.twitter.VideoVariant', 'contentType': 'video/mp4', 'url': 'https://video.twimg.com/tweet_video/E_vBnSgXEAM6bGu.mp4', 'bitrate': 0}]}]",en,V1ktor,0,1
1.4384E+18,https://twitter.com/PervertRudy/status/1438395239962533888,2021-09-16 06:52:03+00:00,"‚ÄúYou know he‚Äôs crazy. He‚Äôs been crazy for a long time.‚Äù  - Pelosi.

I could‚Äôve told you that @guardian - in fact I did tell you that - back on 16th January, I warned Trump is ‚Äòclinically insane‚Äô!

#uselections  https://t.co/QtAUu3js2p",['uselections'],,,en,PervertRudy,0,0
1.43751E+18,https://twitter.com/Paul_Provins/status/1437510329659953153,2021-09-13 20:15:44+00:00,Thank you to @Freedland for facilitating tonight‚Äôs live event with @HillaryClinton - A number of topics discussed from #September11 to #Afghanistan to the #USElections! Thanks again for an insightful eveningüòäüá∫üá∏ https://t.co/nmYGyUGUmy,"['September11', 'Afghanistan', 'USElections']",,"[{'_type': 'snscrape.modules.twitter.Photo', 'previewUrl': 'https://pbs.twimg.com/media/E_MQBinXMAIMH8k?format=jpg&name=small', 'fullUrl': 'https://pbs.twimg.com/media/E_MQBinXMAIMH8k?format=jpg&name=large'}]",en,Paul_Provins,0,0
1.43584E+18,https://twitter.com/Blog1600Penn/status/1435838125008465923,2021-09-09 05:31:00+00:00,"Repr√§sentative Umfrage zur #uswahl2024 von @EmersonCollege:  

Pr√§sident @JoeBiden 46%
Donald #Trump 47%

Gegen√ºber allen anderen m√∂glichen republikanischen Herausforderern liegt #Biden in F√ºhrung.

#Blog1600Penn #USElections","['uswahl2024', 'Trump', 'Biden', 'Blog1600Penn', 'USElections']",,,de,Blog1600Penn,2,2
1.43572E+18,https://twitter.com/wankable_celebs/status/1435724815193841666,2021-09-08 22:00:45+00:00,https://t.co/PZeF7wben6 #uselections #maricopaaudit,"['uselections', 'maricopaaudit']",,,qme,wankable_celebs,0,0
1.43558E+18,https://twitter.com/PikeWala/status/1435575955146174470,2021-09-08 12:09:14+00:00,"@denise_dewald Happened in Florida too, #GQP Did it 
#ShamCandidate #USElections #VoteFL #GQPTraitorsToDemocracy #GQPDomesticTerrorists 
https://t.co/lipZSfcO8m","['GQP', 'ShamCandidate', 'USElections', 'VoteFL', 'GQPTraitorsToDemocracy', 'GQPDomesticTerrorists']",,,en,PikeWala,0,0
1.43555E+18,https://twitter.com/Blog1600Penn/status/1435554505987444739,2021-09-08 10:44:00+00:00,"Most White Americans who regularly attend worship services voted for #Trump in 2020 

https://t.co/yL0gqTAGe6 via @pewresearch 

#Blog1600Penn #uswahl2020 #USElections","['Trump', 'Blog1600Penn', 'uswahl2020', 'USElections']",,,en,Blog1600Penn,0,0
1.43423E+18,https://twitter.com/arabnews/status/1434227603406303240,2021-09-04 18:51:21+00:00,"#OPINION: Joe Biden desperately hopes that US voters will have long-since forgotten the horrific scenes from #Afghanistan before the next #USelections. Unfortunately for him, the horrors emerging are only just beginning, writes Baria Alamuddin https://t.co/2iciPFosXT","['OPINION', 'Afghanistan', 'USelections']",,,en,arabnews,0,8
1.43339E+18,https://twitter.com/WomensPowerCen/status/1433387234107998208,2021-09-02 11:12:02+00:00,#americanelection #USElections #RT Women's power site:What if #Trump becomes #USPresident https://t.co/mg0jk9kAWD https://t.co/9JMGxRHG1L,"['americanelection', 'USElections', 'RT', 'Trump', 'USPresident']",,"[{'_type': 'snscrape.modules.twitter.Photo', 'previewUrl': 'https://pbs.twimg.com/media/ChUePwHWUAAZfEo?format=jpg&name=small', 'fullUrl': 'https://pbs.twimg.com/media/ChUePwHWUAAZfEo?format=jpg&name=large'}]",en,WomensPowerCen,0,0
1.43224E+18,https://twitter.com/TheFinancialD/status/1432236676106051585,2021-08-30 07:00:07+00:00,Republican efforts questioning the outcome of the 2020 presidential race have led to voting system breaches that election security experts say pose a heightened risk to future elections. #DominionVotingSystems #MikeLindell #SystemBreach #USElections https://t.co/dITntPYyrV,"['DominionVotingSystems', 'MikeLindell', 'SystemBreach', 'USElections']",,,en,TheFinancialD,0,0
1.43166E+18,https://twitter.com/Blog1600Penn/status/1431661101452759045,2021-08-28 16:53:00+00:00,"47% der Republikaner sind der Meinung, dass #Trump weiterhin einen starken Einfluss auf die Partei haben sollte. 

Quelle: @AP/NORC 

Weitere repr√§sentative Umfragen:

https://t.co/MhFxguPwFU

#Blog1600Penn #USElections","['Trump', 'Blog1600Penn', 'USElections']",,,de,Blog1600Penn,1,1
1.43139E+18,https://twitter.com/sasysona7/status/1431387466305458178,2021-08-27 22:45:40+00:00,#SupremeCourt #justicesystem #USElections #GOPCorruptionOverCountry #VoterSuppression #VoteThemOut #End_gop_terrorisim https://t.co/NRyRkQvegY,"['SupremeCourt', 'justicesystem', 'USElections', 'GOPCorruptionOverCountry', 'VoterSuppression', 'VoteThemOut', 'End_gop_terrorisim']",,"[{'_type': 'snscrape.modules.twitter.Photo', 'previewUrl': 'https://pbs.twimg.com/media/E91PT9TVkAcpXWn?format=jpg&name=small', 'fullUrl': 'https://pbs.twimg.com/media/E91PT9TVkAcpXWn?format=jpg&name=large'}]",qme,sasysona7,0,0
1.43084E+18,https://twitter.com/BaaghiTV/status/1430838093628776448,2021-08-26 10:22:39+00:00,"The Election Commission of Facebook? | Baaghi TV 

https://t.co/2xgLRHFAlk

#BaaghiTV #Opinions #Facebook #ElectionCommission #GlobalElections #UnitedStates #PoliticalMatters #Cricitism #USElections #SocialNetwork #Extremism #Bigotry #MarkZuckerberg @ihsan_advocate @Facebook","['BaaghiTV', 'Opinions', 'Facebook', 'ElectionCommission', 'GlobalElections', 'UnitedStates', 'PoliticalMatters', 'Cricitism', 'USElections', 'SocialNetwork', 'Extremism', 'Bigotry', 'MarkZuckerberg']",,,en,BaaghiTV,4,5
1.43083E+18,https://twitter.com/DBW_BROADCASTIN/status/1430831401209933825,2021-08-26 09:56:04+00:00,"MIDTERM ELECTIONS (MWNC) ‚Äì¬†Had enough? Brace yourselves, midterms are just around the corner.¬†¬†#midtermelections #Election2022 #uselections #GOP #Democrats #USPolitics https://t.co/COtx4N6VN4","['midtermelections', 'Election2022', 'uselections', 'GOP', 'Democrats', 'USPolitics']",,"[{'_type': 'snscrape.modules.twitter.Photo', 'previewUrl': 'https://pbs.twimg.com/media/E9tVk30XIAQJqga?format=jpg&name=small', 'fullUrl': 'https://pbs.twimg.com/media/E9tVk30XIAQJqga?format=jpg&name=large'}]",en,DBW_BROADCASTIN,0,0
1.43082E+18,https://twitter.com/saada186/status/1430820823720513537,2021-08-26 09:14:02+00:00,"#NewsBreak 

#Federal judge sanctions #Trump attorneys for spreading false #electionfraud claims 
#pakustv #NYC #USPolitics #SidneyPowell #USElections  #FormerGuy 
https://t.co/7meYfMxLPm","['NewsBreak', 'Federal', 'Trump', 'electionfraud', 'pakustv', 'NYC', 'USPolitics', 'SidneyPowell', 'USElections', 'FormerGuy']",,,en,saada186,0,0
1.43065E+18,https://twitter.com/sasysona7/status/1430647135909814277,2021-08-25 21:43:51+00:00,#CaliforniaRecall IS THIS WHAT YOU WANT FOR CALIFORNIA???? #SEDITIOUSGOP #GOPTraitors #VoteNoOnRecall #VoterSuppression #USElections #Ballots #mailinballots https://t.co/V0Z4Kss4S5,"['CaliforniaRecall', 'SEDITIOUSGOP', 'GOPTraitors', 'VoteNoOnRecall', 'VoterSuppression', 'USElections', 'Ballots', 'mailinballots']",,"[{'_type': 'snscrape.modules.twitter.Photo', 'previewUrl': 'https://pbs.twimg.com/media/E9qt1pfUcAIqcoE?format=jpg&name=small', 'fullUrl': 'https://pbs.twimg.com/media/E9qt1pfUcAIqcoE?format=jpg&name=large'}]",en,sasysona7,183,397
1.43055E+18,https://twitter.com/sasysona7/status/1430549831089491972,2021-08-25 15:17:12+00:00,#GOPSEDITIOUSTRAITORS #GOPinsurgents #GOPDeathCult #VoterSuppression #USElections,"['GOPSEDITIOUSTRAITORS', 'GOPinsurgents', 'GOPDeathCult', 'VoterSuppression', 'USElections']",,,qht,sasysona7,0,1
1.43051E+18,https://twitter.com/brianbrane/status/1430508288395915264,2021-08-25 12:32:08+00:00,"#uselections #uselection #trump #TrumpRally  
Was this a cherry that was picked, or is the US that bad?
U.S. elections rank last among all Western democracies:
https://t.co/5lOSZg96X0","['uselections', 'uselection', 'trump', 'TrumpRally']",,,en,brianbrane,0,0
1.43024E+18,https://twitter.com/RPURHAM/status/1430237535297589254,2021-08-24 18:36:15+00:00,Had a great time at the Alaska state fair. Met so many nice Alaskans. Support my campaign at https://t.co/mhBYgKfuME #MAGA #makealaskagreatagain #uselections @ Alaska State Fair https://t.co/hDLPOIrI2s,"['MAGA', 'makealaskagreatagain', 'uselections']",,,en,RPURHAM,0,0
1.42996E+18,https://twitter.com/JonWiener1/status/1429962408336912390,2021-08-24 00:23:00+00:00,"Domestic politics will dominate the US elections of 2022 &amp; 2024, NOT Afghanistan: @HaroldMeyerson on the podcast 'Living in the USA' https://t.co/MCxMy1EX7w @TheProspect #Afghanistan #USElections https://t.co/kp3zGPY16R","['Afghanistan', 'USElections']",,"[{'_type': 'snscrape.modules.twitter.Photo', 'previewUrl': 'https://pbs.twimg.com/media/E9ctPyCUcAUKC4B?format=jpg&name=small', 'fullUrl': 'https://pbs.twimg.com/media/E9ctPyCUcAUKC4B?format=jpg&name=large'}]",en,JonWiener1,1,2
1.42992E+18,https://twitter.com/JonWiener1/status/1429916606654648341,2021-08-23 21:21:00+00:00,How Trump's deal with the Taliban boxed Biden in: @HaroldMeyerson comments on the podcast 'Living in the USA' https://t.co/MCxMy1EX7w @TheProspect #Afghanistan #USElections https://t.co/cnGwXrQCPT,"['Afghanistan', 'USElections']",,"[{'_type': 'snscrape.modules.twitter.Photo', 'previewUrl': 'https://pbs.twimg.com/media/E9cs_0KVEAkITYY?format=jpg&name=small', 'fullUrl': 'https://pbs.twimg.com/media/E9cs_0KVEAkITYY?format=jpg&name=large'}]",en,JonWiener1,0,1
1.42988E+18,https://twitter.com/JonWiener1/status/1429878354589720579,2021-08-23 18:49:00+00:00,"Afghanistan, Vietnam &amp; American Politics: @HaroldMeyerson of @TheProspect on the end of the #VietnamWar in 1975 and the election of 1976; on the podcast 'Living in the USA' https://t.co/MCxMy1Wyw6 #Afghanistan #USElections https://t.co/xxjpXtjsTw","['VietnamWar', 'Afghanistan', 'USElections']",,"[{'_type': 'snscrape.modules.twitter.Photo', 'previewUrl': 'https://pbs.twimg.com/media/E9csr6zVUAIFam9?format=jpg&name=small', 'fullUrl': 'https://pbs.twimg.com/media/E9csr6zVUAIFam9?format=jpg&name=large'}]",en,JonWiener1,0,1
1.42982E+18,https://twitter.com/JonWiener1/status/1429816446637559812,2021-08-23 14:43:00+00:00,The Afghanistan Papers vs. The Pentagon Papers: @HaroldMeyerson of @TheProspect comments on the podcast 'Living in the USA' https://t.co/MCxMy1Wyw6 #Afghanistan #USElections #AfghanistanPapers #PentagonPapers https://t.co/cxhbFVl01e,"['Afghanistan', 'USElections', 'AfghanistanPapers', 'PentagonPapers']",,"[{'_type': 'snscrape.modules.twitter.Photo', 'previewUrl': 'https://pbs.twimg.com/media/E9csOtVUYAYnVFM?format=jpg&name=small', 'fullUrl': 'https://pbs.twimg.com/media/E9csOtVUYAYnVFM?format=jpg&name=large'}]",en,JonWiener1,3,8
1.42978E+18,https://twitter.com/AliAlibhai/status/1429783229121323012,2021-08-23 12:31:00+00:00,"@thehill It SEEMS, #realDonaldTrump will help the #Taliban, #ISIS,  #ALQAEDA by taking #USA,  single-handed, irreversibly down the abyss next time he wins the #USElections. Again, Next #PRESIDENTofTheUSA.
#USElections2024.
The job he had begun after winning the election in 2016.
@POTUS.","['realDonaldTrump', 'Taliban', 'ISIS', 'ALQAEDA', 'USA', 'USElections', 'PRESIDENTofTheUSA', 'USElections2024']",,,en,AliAlibhai,0,0
1.42961E+18,https://twitter.com/KidKoratea/status/1429605510609707014,2021-08-23 00:44:49+00:00,"@LionelMedia ""I, and millions of Americans, gave my faith and trust to successive administrations who told us that we were in Afghanistan to protect our country and support a new democratic Afghan state."" 

Wasn't 80 million; those who did are regretting it now BIG TIME! 
#Jolie #USElections","['Jolie', 'USElections']",,,en,KidKoratea,0,0
1.42916E+18,https://twitter.com/Tombaan66/status/1429156589248856074,2021-08-21 19:00:57+00:00,This kind lady wants to help..#Uselections wrong doings coming out and now #Afghanistan in case you guys need it she is holding a webinar.. https://t.co/oVwZxMueqm,"['Uselections', 'Afghanistan']",,"[{'_type': 'snscrape.modules.twitter.Photo', 'previewUrl': 'https://pbs.twimg.com/media/E9ViWAkXoAA5HHG?format=jpg&name=small', 'fullUrl': 'https://pbs.twimg.com/media/E9ViWAkXoAA5HHG?format=jpg&name=large'}]",en,Tombaan66,0,0
1.42881E+18,https://twitter.com/JonWiener1/status/1428809814033920002,2021-08-20 20:03:00+00:00,Why the disastrous end of our Afghan war won‚Äôt matter in the elections in 2022 &amp; 2024: @HaroldMeyerson of @TheProspect explains on the podcast 'Living in the USA' https://t.co/MCxMy1EX7w #Afghanistan #USElections https://t.co/AyvQPdiCoO,"['Afghanistan', 'USElections']",,"[{'_type': 'snscrape.modules.twitter.Photo', 'previewUrl': 'https://pbs.twimg.com/media/E9N2Fw2X0AMyGdr?format=jpg&name=small', 'fullUrl': 'https://pbs.twimg.com/media/E9N2Fw2X0AMyGdr?format=jpg&name=large'}]",en,JonWiener1,0,1
1.42876E+18,https://twitter.com/lizzieBusey/status/1428755801615831040,2021-08-20 16:28:22+00:00,"It's called falling from grace, the same people who recognised him as the winner of #USElections before the #US authorities did so that they can see Trump off are now having to condemn him #Karma 
#Taliban #Afghanistan #DementiaJoe #JoeBiden","['USElections', 'US', 'Karma', 'Taliban', 'Afghanistan', 'DementiaJoe', 'JoeBiden']",,,en,lizzieBusey,0,1
1.42838E+18,https://twitter.com/PaulMaxit/status/1428382086998765569,2021-08-19 15:43:22+00:00,"#USElections Oui, il y en a qui croient que le s√©nile #JoeBiden a vraiment √©t√© √©lu pr√©sident des USA. https://t.co/RmB9a4jxcC","['USElections', 'JoeBiden']",,,fr,PaulMaxit,0,1
1.42825E+18,https://twitter.com/crazyjoedevola/status/1428251425486753795,2021-08-19 07:04:10+00:00,"So how does the #US know how many people have had a #Vaccination? Here's a thought, use those same means to compile a voting list, It's not hard or is it too hard for minorities to organise a vaccination as well as register to #Vote? #Biden #USElections #EasyPeasey","['US', 'Vaccination', 'Vote', 'Biden', 'USElections', 'EasyPeasey']",,,en,crazyjoedevola,0,0
1.42732E+18,https://twitter.com/kevinlbrx_ilr/status/1427317821319565317,2021-08-16 17:14:21+00:00,#regimechange in #afghanistan: How many people complaining about Russian interference with #USelections for 5 years have complained about US interference in the politics of other countries? #WeDidThis. https://t.co/xXWWvSM030,"['regimechange', 'afghanistan', 'USelections', 'WeDidThis']",,"[{'_type': 'snscrape.modules.twitter.Photo', 'previewUrl': 'https://pbs.twimg.com/media/E87X1NvXoAQM2_K?format=png&name=small', 'fullUrl': 'https://pbs.twimg.com/media/E87X1NvXoAQM2_K?format=png&name=large'}]",en,kevinlbrx_ilr,0,0
1.42578E+18,https://twitter.com/soulshiva06/status/1425779988347772930,2021-08-12 11:23:33+00:00,"@AmitBagaria12 Truly said , thats why these devil souls have manipulated the #USElections to remove trump üôÑ , its pity",['USElections'],,,en,soulshiva06,0,0
1.42576E+18,https://twitter.com/Dorje_sDooing/status/1425755139177009154,2021-08-12 09:44:49+00:00,US Midterms 2018: Why Vote Candidates With Progressive Agendas https://t.co/JQoliE4n7G #poverty #structuralinequality #structuralinequity #uselections #usmidterms,"['poverty', 'structuralinequality', 'structuralinequity', 'uselections', 'usmidterms']",,,en,Dorje_sDooing,0,0
1.42569E+18,https://twitter.com/TodayNewsEvents/status/1425693256352948227,2021-08-12 05:38:55+00:00,"Senate Democrats are trying to Force Votes on Elections Bill
#ElectionsBill
#Republicans
#USelections
#Joebiden
https://t.co/9R3EV9Bsjh","['ElectionsBill', 'Republicans', 'USelections', 'Joebiden']",,,en,TodayNewsEvents,2,3
1.42518E+18,https://twitter.com/IndieWomenVote/status/1425178329821368323,2021-08-10 19:32:47+00:00,"It may not happen in our lifetimes, but I look forward to the day when maybe we can have #USelections where the only candidates to vote for aren't #serialsexualpredator smug, entitled white male bullies. How about you? #CuomoResigns #MeToo #NowDoTrump #SexualHarassersInChief https://t.co/KSgpgRg8Tb","['USelections', 'serialsexualpredator', 'CuomoResigns', 'MeToo', 'NowDoTrump', 'SexualHarassersInChief']",,"[{'_type': 'snscrape.modules.twitter.Photo', 'previewUrl': 'https://pbs.twimg.com/media/E8c_YMRXIAE_1Uh?format=png&name=small', 'fullUrl': 'https://pbs.twimg.com/media/E8c_YMRXIAE_1Uh?format=png&name=large'}, {'_type': 'snscrape.modules.twitter.Photo', 'previewUrl': 'https://pbs.twimg.com/media/E8c_bA-X0AQtnIk?format=png&name=small', 'fullUrl': 'https://pbs.twimg.com/media/E8c_bA-X0AQtnIk?format=png&name=large'}, {'_type': 'snscrape.modules.twitter.Photo', 'previewUrl': 'https://pbs.twimg.com/media/E8c_fK8XEAQaWGq?format=png&name=small', 'fullUrl': 'https://pbs.twimg.com/media/E8c_fK8XEAQaWGq?format=png&name=large'}]",en,IndieWomenVote,0,1
1.42508E+18,https://twitter.com/GVAGrad/status/1425083305389707266,2021-08-10 13:15:11+00:00,"The Institute has produced several series of podcasts during the academic year, focusing on key global issues, such as the #USelections, #Brexit, #FoodSystems, #SyntheticBiology, #DrugPolicy, and more.
Here‚Äôs the complete list for some poolside listeningüëâ
https://t.co/xPJhWcwYLs https://t.co/c91zE0jmuI","['USelections', 'Brexit', 'FoodSystems', 'SyntheticBiology', 'DrugPolicy']",,"[{'_type': 'snscrape.modules.twitter.Photo', 'previewUrl': 'https://pbs.twimg.com/media/E8bpttdXIAASb_1?format=jpg&name=small', 'fullUrl': 'https://pbs.twimg.com/media/E8bpttdXIAASb_1?format=jpg&name=large'}]",en,GVAGrad,0,1
1.42503E+18,https://twitter.com/WomensPowerCen/status/1425027160994156545,2021-08-10 09:32:05+00:00,#americanelection #USElections #RT Women's power site:What if #Trump becomes #USPresident https://t.co/mg0jk9kAWD https://t.co/9JMGxRHG1L,"['americanelection', 'USElections', 'RT', 'Trump', 'USPresident']",,"[{'_type': 'snscrape.modules.twitter.Photo', 'previewUrl': 'https://pbs.twimg.com/media/ChUePwHWUAAZfEo?format=jpg&name=small', 'fullUrl': 'https://pbs.twimg.com/media/ChUePwHWUAAZfEo?format=jpg&name=large'}]",en,WomensPowerCen,0,0
1.42483E+18,https://twitter.com/OlyStuart/status/1424830984181084168,2021-08-09 20:32:33+00:00,"Idk if I'll ever vote again the way things are going. Used to be all about it. ü§∑‚Äç‚ôÇÔ∏è
Sorry, cry wolf with a fake democracy so many times and people are gonna stop wasting their time.
#USElections #USA","['USElections', 'USA']",,,en,OlyStuart,0,0
1.42468E+18,https://twitter.com/abrarkakarr/status/1424675175753306113,2021-08-09 10:13:25+00:00,"Now imagine if this was #Trump admitting #Russian meddling in the #USElections. world would change 360‚Ä¢.  But since this is about #Afghanistan, none really cares. Closing your eyes and ears is as much a crime as Taliban kill innocent people. 

#SanctionPakistan 

@calxandr","['Trump', 'Russian', 'USElections', 'Afghanistan', 'SanctionPakistan']",,,en,abrarkakarr,0,0
1.4238E+18,https://twitter.com/AGreatSail/status/1423796477013286913,2021-08-07 00:01:47+00:00,"@Teleportnow66 @Placeholder5_6 @MarVistaWriter @KyleKulinski We the People voted for #ShontelBrown to win. It's how Democracy and ethical #USElections work in America and why the #VotingRightsAct became law--and why the Voting Rights Advancement Act is crucial. https://t.co/ZU1XfyoTzB

#Safeguards #JustLaws #RestoreTheVRA #VRA56","['ShontelBrown', 'USElections', 'VotingRightsAct', 'Safeguards', 'JustLaws', 'RestoreTheVRA', 'VRA56']",,,en,AGreatSail,0,2
1.42367E+18,https://twitter.com/TrishLilley1/status/1423674756390440967,2021-08-06 15:58:07+00:00,Jerry H. Goldfeder predicted a potential coup if Trump lost the 2020 election. January 6 bore him out. What does he have to say about the #2024election? #presidentialpolitics #presidentialelection #uselections https://t.co/6c3iFSpb1h,"['2024election', 'presidentialpolitics', 'presidentialelection', 'uselections']",,,en,TrishLilley1,0,0
1.42314E+18,https://twitter.com/MY_MUSLIM/status/1423135072845287430,2021-08-05 04:13:36+00:00,@maddow can‚Äôt claim it was anyone else interfering in #USElections https://t.co/V166ZAXRvR,['USElections'],,"[{'_type': 'snscrape.modules.twitter.Photo', 'previewUrl': 'https://pbs.twimg.com/media/E7_9zoMWUAgS-NZ?format=jpg&name=small', 'fullUrl': 'https://pbs.twimg.com/media/E7_9zoMWUAgS-NZ?format=jpg&name=large'}]",en,MY_MUSLIM,0,0
1.42259E+18,https://twitter.com/silverslavery/status/1422589572995862531,2021-08-03 16:05:59+00:00,#ElectionFraud #Theft #USElections,"['ElectionFraud', 'Theft', 'USElections']",,,qht,silverslavery,1,0
1.4211E+18,https://twitter.com/Longleashllc/status/1421096828704014339,2021-07-30 13:14:21+00:00,"#NYT Op-Ed: Allow #Foreigners to Vote in #USElections, a Boon for Dems https://t.co/AAiqOJWZCX via @BreitbartNews then why be a citizen?","['NYT', 'Foreigners', 'USElections']",,,en,Longleashllc,0,0
1.42096E+18,https://twitter.com/Dorje_sDooing/status/1420958999210467329,2021-07-30 04:06:40+00:00,US Midterms 2018: Why Vote Candidates With Progressive Agendas https://t.co/JQoliE4n7G #poverty #structuralinequality #structuralinequity #uselections #usmidterms,"['poverty', 'structuralinequality', 'structuralinequity', 'uselections', 'usmidterms']",,,en,Dorje_sDooing,0,0
1.42096E+18,https://twitter.com/samarthmishra25/status/1420957326631002112,2021-07-30 04:00:01+00:00,"@SusanSarandon This shows how much money the #WeaponSellers  put in the #USElections, influences voters/people opinion through #CorporateMedia &amp; how much they control the @WhiteHouse &amp; #Congress.#USPresident is only a Puppet/Shareholder/Protector/Tool Of some big corporations business/profit.","['WeaponSellers', 'USElections', 'CorporateMedia', 'Congress', 'USPresident']",,,en,samarthmishra25,0,0
1.42085E+18,https://twitter.com/WomensPowerCen/status/1420846353320747009,2021-07-29 20:39:03+00:00,#americanelection #USElections #RT Women's power site:What if #Trump becomes #USPresident https://t.co/mg0jk9kAWD https://t.co/9JMGxRHG1L,"['americanelection', 'USElections', 'RT', 'Trump', 'USPresident']",,"[{'_type': 'snscrape.modules.twitter.Photo', 'previewUrl': 'https://pbs.twimg.com/media/ChUePwHWUAAZfEo?format=jpg&name=small', 'fullUrl': 'https://pbs.twimg.com/media/ChUePwHWUAAZfEo?format=jpg&name=large'}]",en,WomensPowerCen,0,0
1.42056E+18,https://twitter.com/Rev74205/status/1420559430014341122,2021-07-29 01:38:55+00:00,"‚Äú#Voterfraud in #USelections is exceedingly rare. #trump's top #cybersecurity official said the election last year was ""the most secure in American history,"" while then-Attorney General William #Barr said the #JusticeDepartment found no evidence of widespread #malfeasance.‚Äù","['Voterfraud', 'USelections', 'trump', 'cybersecurity', 'Barr', 'JusticeDepartment', 'malfeasance']",,,en,Rev74205,1,1
1.42022E+18,https://twitter.com/ChanakyaForum/status/1420224932752076804,2021-07-28 03:29:45+00:00,BREAKING NEWS: Biden accuses Russia of trying to disrupt 2022 elections https://t.co/jLOjNprUZi #2022Election #biden #cyberattacks #Russia #USElections,"['2022Election', 'biden', 'cyberattacks', 'Russia', 'USElections']",,,en,ChanakyaForum,2,6
1.42015E+18,https://twitter.com/WomensPowerCen/status/1420150008544960518,2021-07-27 22:32:01+00:00,#americanelection #USElections #RT Women's power site:What if #Trump becomes #USPresident https://t.co/mg0jk9kAWD https://t.co/9JMGxRHG1L,"['americanelection', 'USElections', 'RT', 'Trump', 'USPresident']",,"[{'_type': 'snscrape.modules.twitter.Photo', 'previewUrl': 'https://pbs.twimg.com/media/ChUePwHWUAAZfEo?format=jpg&name=small', 'fullUrl': 'https://pbs.twimg.com/media/ChUePwHWUAAZfEo?format=jpg&name=large'}]",en,WomensPowerCen,0,0
1.42011E+18,https://twitter.com/PaulMaxit/status/1420107488632918018,2021-07-27 19:43:04+00:00,#USElections Tous les comptes Twitter des audits √©lectoraux du 3 novembre sont suspendus. Cela ne doit pas sentir tr√®s bon pour le s√©nile #JoeBiden. https://t.co/ICO355tqsp,"['USElections', 'JoeBiden']",,,fr,PaulMaxit,6,10
1.41946E+18,https://twitter.com/yardiemat/status/1419459021338255363,2021-07-26 00:46:17+00:00,This video should be played monthly  and during the next presidental #USElections @TheDemocrats,['USElections'],,,en,yardiemat,0,1
1.41876E+18,https://twitter.com/WomensPowerCen/status/1418756071393538053,2021-07-24 02:13:01+00:00,#americanelection #USElections #RT Women's power site:What if #Trump becomes #USPresident https://t.co/mg0jk9kAWD https://t.co/9JMGxRHG1L,"['americanelection', 'USElections', 'RT', 'Trump', 'USPresident']",,"[{'_type': 'snscrape.modules.twitter.Photo', 'previewUrl': 'https://pbs.twimg.com/media/ChUePwHWUAAZfEo?format=jpg&name=small', 'fullUrl': 'https://pbs.twimg.com/media/ChUePwHWUAAZfEo?format=jpg&name=large'}]",en,WomensPowerCen,0,0
1.41861E+18,https://twitter.com/sasysona7/status/1418611843443040257,2021-07-23 16:39:54+00:00,#Democracy #USElections we have elections for a reason and now #magacultists #WhiteSupremacist #RepublicanParty feel they don't have to 1 adhere to the outcome of elections but can control election outcomes via eminent domain.  Smh https://t.co/sJ0evn69Sa,"['Democracy', 'USElections', 'magacultists', 'WhiteSupremacist', 'RepublicanParty']",,"[{'_type': 'snscrape.modules.twitter.Photo', 'previewUrl': 'https://pbs.twimg.com/media/E6_r8jBUcAIBxH7?format=jpg&name=small', 'fullUrl': 'https://pbs.twimg.com/media/E6_r8jBUcAIBxH7?format=jpg&name=large'}]",en,sasysona7,0,0
1.41806E+18,https://twitter.com/prabusriguna/status/1418058135521038336,2021-07-22 03:59:40+00:00,When #Trump spread fake news &amp; created unwanted wars during #USelections @Twitter thrashed him &amp; suspended his account. 2days back @narendramodi said Peoples didn't die due to oxygen shortage in COVID-19 &amp; news channels spread that news..Y @TwitterIndia didn't take any actions??,"['Trump', 'USelections']",,,en,prabusriguna,0,2
1.41786E+18,https://twitter.com/GVAGrad/status/1417862448930074632,2021-07-21 15:02:05+00:00,"The Institute has produced several series of podcasts during the academic year, focusing on key global issues, such as the #USelections, #Brexit, #FoodSystems, #SyntheticBiology, #DrugPolicy, and more.
Here‚Äôs the complete list for some poolside listeningüëâ
https://t.co/XllxbtYHQJ https://t.co/fNT0a9ASFm","['USelections', 'Brexit', 'FoodSystems', 'SyntheticBiology', 'DrugPolicy']",,"[{'_type': 'snscrape.modules.twitter.Photo', 'previewUrl': 'https://pbs.twimg.com/media/E61CYj6XMAI_xhO?format=jpg&name=small', 'fullUrl': 'https://pbs.twimg.com/media/E61CYj6XMAI_xhO?format=jpg&name=large'}]",en,GVAGrad,2,8
1.41764E+18,https://twitter.com/realHayman/status/1417635022056665090,2021-07-20 23:58:22+00:00,"Whoa... Great! But what made this turtle üê¢come out of his sanctimonious shell?

Oh right, 2022 #USelections!

#PoliticsAsUsual #uspoli #uspolitics #COVIDVaccines","['USelections', 'PoliticsAsUsual', 'uspoli', 'uspolitics', 'COVIDVaccines']",,,en,realHayman,0,2
1.41757E+18,https://twitter.com/RocBrady/status/1417565752115216385,2021-07-20 19:23:07+00:00,"We have the right to know whether the UAE and who knows who else, w/ Putin &amp; his pal who murdered a US resident,(Mr Khashoggi,)-had any role in thwarting #USElections &amp; who aided them? Remember the Saudi Prince &amp; Putin? &amp;Now this. https://t.co/bl1TS4U1Ie https://t.co/R16DJiBTyD",['USElections'],,,en,RocBrady,1,0
1.41736E+18,https://twitter.com/WomensPowerCen/status/1417362640343552000,2021-07-20 05:56:01+00:00,#americanelection #USElections #RT Women's power site:What if #Trump becomes #USPresident https://t.co/mg0jk9kAWD https://t.co/9JMGxRHG1L,"['americanelection', 'USElections', 'RT', 'Trump', 'USPresident']",,"[{'_type': 'snscrape.modules.twitter.Photo', 'previewUrl': 'https://pbs.twimg.com/media/ChUePwHWUAAZfEo?format=jpg&name=small', 'fullUrl': 'https://pbs.twimg.com/media/ChUePwHWUAAZfEo?format=jpg&name=large'}]",en,WomensPowerCen,0,0
1.41718E+18,https://twitter.com/NLZorgVrij/status/1417176196664774668,2021-07-19 17:35:09+00:00,Do I understand correctly that the Presidency is vacant? Are we there yet?  #NewElections coming? #USElections https://t.co/mtGpTeSl7H,"['NewElections', 'USElections']",,"[{'_type': 'snscrape.modules.twitter.Gif', 'thumbnailUrl': 'https://pbs.twimg.com/tweet_video_thumb/E6rSPEdXMAcJbIO.jpg', 'variants': [{'_type': 'snscrape.modules.twitter.VideoVariant', 'contentType': 'video/mp4', 'url': 'https://video.twimg.com/tweet_video/E6rSPEdXMAcJbIO.mp4', 'bitrate': 0}]}]",en,NLZorgVrij,0,0
1.41699E+18,https://twitter.com/debraruh/status/1416988686588289028,2021-07-19 05:10:03+00:00,Enhancing #Accessibility in #USElections - Center for #American Progress #inclusion #PwD #disabilityinclusion https://t.co/myb9RCeXQj https://t.co/pXobD3ZT03,"['Accessibility', 'USElections', 'American', 'inclusion', 'PwD', 'disabilityinclusion']",,"[{'_type': 'snscrape.modules.twitter.Photo', 'previewUrl': 'https://pbs.twimg.com/media/E6onszqXIAA7xph?format=jpg&name=small', 'fullUrl': 'https://pbs.twimg.com/media/E6onszqXIAA7xph?format=jpg&name=large'}]",en,debraruh,2,5
1.41683E+18,https://twitter.com/LaMondre_P/status/1416827679568011266,2021-07-18 18:30:16+00:00,Enhancing #Accessibility in #USElections - Center for #American Progress #inclusion #PwD #disabilityinclusion https://t.co/iHvPu3gnQt https://t.co/71Pa0ciDJv,"['Accessibility', 'USElections', 'American', 'inclusion', 'PwD', 'disabilityinclusion']",,"[{'_type': 'snscrape.modules.twitter.Photo', 'previewUrl': 'https://pbs.twimg.com/media/E6mVQ85XMAwTtBT?format=jpg&name=small', 'fullUrl': 'https://pbs.twimg.com/media/E6mVQ85XMAwTtBT?format=jpg&name=large'}]",en,LaMondre_P,0,0
1.41682E+18,https://twitter.com/KevinRuhGlobal/status/1416817558276165633,2021-07-18 17:50:03+00:00,Enhancing #Accessibility in #USElections - Center for #American Progress #inclusion #PwD #disabilityinclusion https://t.co/jzATtWLeLx https://t.co/R5Uk0w8AEO,"['Accessibility', 'USElections', 'American', 'inclusion', 'PwD', 'disabilityinclusion']",,"[{'_type': 'snscrape.modules.twitter.Photo', 'previewUrl': 'https://pbs.twimg.com/media/E6mMD0IWUAANV8b?format=jpg&name=small', 'fullUrl': 'https://pbs.twimg.com/media/E6mMD0IWUAANV8b?format=jpg&name=large'}]",en,KevinRuhGlobal,0,1
1.4168E+18,https://twitter.com/RuhGlobal/status/1416802959342673926,2021-07-18 16:52:03+00:00,Enhancing #Accessibility in #USElections - Center for #American Progress #inclusion #PwD #disabilityinclusion https://t.co/S4KmVcokVc https://t.co/KRRxkEx1PK,"['Accessibility', 'USElections', 'American', 'inclusion', 'PwD', 'disabilityinclusion']",,"[{'_type': 'snscrape.modules.twitter.Photo', 'previewUrl': 'https://pbs.twimg.com/media/E6l-yD9WUAQFonx?format=jpg&name=small', 'fullUrl': 'https://pbs.twimg.com/media/E6l-yD9WUAQFonx?format=jpg&name=large'}]",en,RuhGlobal,1,3
1.41679E+18,https://twitter.com/Depcr/status/1416786349563293698,2021-07-18 15:46:03+00:00,Enhancing #Accessibility in #USElections - Center for #American Progress #inclusion #PwD #disabilityinclusion https://t.co/oP9gSuKk6j https://t.co/cEaFbDD7VT,"['Accessibility', 'USElections', 'American', 'inclusion', 'PwD', 'disabilityinclusion']",,"[{'_type': 'snscrape.modules.twitter.Photo', 'previewUrl': 'https://pbs.twimg.com/media/E6lvrNwXoAAabIi?format=jpg&name=small', 'fullUrl': 'https://pbs.twimg.com/media/E6lvrNwXoAAabIi?format=jpg&name=large'}]",en,Depcr,0,0
1.41677E+18,https://twitter.com/StreitzAbility/status/1416770998456705033,2021-07-18 14:45:03+00:00,Enhancing #Accessibility in #USElections - Center for #American Progress #inclusion #PwD #disabilityinclusion https://t.co/WlRPIj38rq https://t.co/FAQHX4ynXv,"['Accessibility', 'USElections', 'American', 'inclusion', 'PwD', 'disabilityinclusion']",,"[{'_type': 'snscrape.modules.twitter.Photo', 'previewUrl': 'https://pbs.twimg.com/media/E6lhtqSXMAICIar?format=jpg&name=small', 'fullUrl': 'https://pbs.twimg.com/media/E6lhtqSXMAICIar?format=jpg&name=large'}]",en,StreitzAbility,0,1
1.41676E+18,https://twitter.com/EastwoodHilton/status/1416760683165851655,2021-07-18 14:04:03+00:00,Enhancing #Accessibility in #USElections - Center for #American Progress #inclusion #PwD #disabilityinclusion https://t.co/NaPqE4nHPe https://t.co/KVPcrJlNjs,"['Accessibility', 'USElections', 'American', 'inclusion', 'PwD', 'disabilityinclusion']",,"[{'_type': 'snscrape.modules.twitter.Photo', 'previewUrl': 'https://pbs.twimg.com/media/E6lYVQmWUAISvkS?format=jpg&name=small', 'fullUrl': 'https://pbs.twimg.com/media/E6lYVQmWUAISvkS?format=jpg&name=large'}]",en,EastwoodHilton,0,0
1.41676E+18,https://twitter.com/5pPodcast/status/1416760682998116359,2021-07-18 14:04:03+00:00,Enhancing #Accessibility in #USElections - Center for #American Progress #inclusion #PwD #disabilityinclusion https://t.co/GYTORhW5or https://t.co/AK5GTiSXNR,"['Accessibility', 'USElections', 'American', 'inclusion', 'PwD', 'disabilityinclusion']",,"[{'_type': 'snscrape.modules.twitter.Photo', 'previewUrl': 'https://pbs.twimg.com/media/E6lYVPvXEAAEWcF?format=jpg&name=small', 'fullUrl': 'https://pbs.twimg.com/media/E6lYVPvXEAAEWcF?format=jpg&name=large'}]",en,5pPodcast,0,0
1.41673E+18,https://twitter.com/RoseMusachio/status/1416727963693981701,2021-07-18 11:54:02+00:00,Enhancing #Accessibility in #USElections - Center for #American Progress #inclusion #PwD #disabilityinclusion https://t.co/JgZERjtwYc https://t.co/2gorZC2FKU,"['Accessibility', 'USElections', 'American', 'inclusion', 'PwD', 'disabilityinclusion']",,"[{'_type': 'snscrape.modules.twitter.Photo', 'previewUrl': 'https://pbs.twimg.com/media/E6k6ks3XIAE0IRP?format=jpg&name=small', 'fullUrl': 'https://pbs.twimg.com/media/E6k6ks3XIAE0IRP?format=jpg&name=large'}]",en,RoseMusachio,0,0
1.41667E+18,https://twitter.com/WomensPowerCen/status/1416666557179170816,2021-07-18 07:50:02+00:00,#americanelection #USElections #RT Women's power site:What if #Trump becomes #USPresident https://t.co/mg0jk9kAWD https://t.co/9JMGxRHG1L,"['americanelection', 'USElections', 'RT', 'Trump', 'USPresident']",,"[{'_type': 'snscrape.modules.twitter.Photo', 'previewUrl': 'https://pbs.twimg.com/media/ChUePwHWUAAZfEo?format=jpg&name=small', 'fullUrl': 'https://pbs.twimg.com/media/ChUePwHWUAAZfEo?format=jpg&name=large'}]",en,WomensPowerCen,0,0
1.41643E+18,https://twitter.com/Harshad9Parmar/status/1416432958190227456,2021-07-17 16:21:47+00:00,@vinsinners @Suhelseth @POTUS @Iyervval Or may be his plan is to destabilize #India by helping #China and #Pakistan as both of them helped him to win recent #USelections..,"['India', 'China', 'Pakistan', 'USelections']",,,en,Harshad9Parmar,0,1
1.41622E+18,https://twitter.com/NrIsodera/status/1416219720450252812,2021-07-17 02:14:28+00:00,My personal wish for the 2016 #USElections was for #KillaryKliton to lose (not because I was enamoured with then #TantrumP2020 at the time) but BECAUSE MY GUT WRENCHING FEELING AT THE TIME WAS THAT SHE WOULD HAVE STARTED #WW3 (NOTHING MORE/LESS)!!,"['USElections', 'KillaryKliton', 'TantrumP2020', 'WW3']",,,en,NrIsodera,0,0
1.41596E+18,https://twitter.com/CrazyBengieFB_/status/1415961735777951749,2021-07-16 09:09:19+00:00,"src : @SkyNews
#TranslatedtoEnglish : 
#PresidentDonaldTrumpIsRight
#USElection2020 #USElection #USElections 
#BreakingNews 

https://t.co/eEShMImrpn 
(Oh, and corporate and governmental. See #Football2020:  eu IS more #racist than #USA.)

@CrazyBengieFB_ https://t.co/lIvtGTjiYG","['TranslatedtoEnglish', 'PresidentDonaldTrumpIsRight', 'USElection2020', 'USElection', 'USElections', 'BreakingNews', 'Football2020', 'racist', 'USA']",,,en,CrazyBengieFB_,1,1
1.41585E+18,https://twitter.com/giuliamauri/status/1415852398728318986,2021-07-16 01:54:51+00:00,"Kremlin papers appear to show #Putin‚Äôs plot to put #Trump in White House https://t.co/xue0buWkPk 

#TheGuardian @guardiannews #trumpadministration #uselections #investigation #russia #usa #us","['Putin', 'Trump', 'TheGuardian', 'trumpadministration', 'uselections', 'investigation', 'russia', 'usa', 'us']",,,en,giuliamauri,0,0
1.41585E+18,https://twitter.com/GETAnalysis/status/1415847234365792263,2021-07-16 01:34:20+00:00,"Of course #Trump was installed by #Putin's interference in the #USElections. All #Intelligence Agencies all said so. But its #Trump's own ultra subservient behaviour with Putin during his entire term, that proves it https://t.co/3b1eBBihC9","['Trump', 'Putin', 'USElections', 'Intelligence', 'Trump']",,,en,GETAnalysis,2,3
1.41578E+18,https://twitter.com/macroymercados/status/1415776836034961409,2021-07-15 20:54:36+00:00,"#Cosasraras #USElection2020 #US #USElections #Biden #Trump

https://t.co/QXi79fJzFP","['Cosasraras', 'USElection2020', 'US', 'USElections', 'Biden', 'Trump']",,,qme,macroymercados,1,0
1.41567E+18,https://twitter.com/SandipGhose/status/1415668411401572353,2021-07-15 13:43:45+00:00,"@mvaru And, their Vice President says - Voter ID cards cannot be issued as people will have to take ""photocopies or something"". #USElections",['USElections'],,,en,SandipGhose,0,0
1.41553E+18,https://twitter.com/propc2020/status/1415533692768849921,2021-07-15 04:48:26+00:00,"@rose_k01 the more the merrier #BorderCrisis #Biden #BidenHarris 
#USElections 2022.

@republic","['BorderCrisis', 'Biden', 'BidenHarris', 'USElections']",,,en,propc2020,0,0
1.41459E+18,https://twitter.com/cadenaroa/status/1414587864373989377,2021-07-12 14:10:03+00:00,"RT @populismPSA: The 3rd issue of #Populism is now out!
It includes:
üëâ2 Calls for Papers
üëâOverviews of past events
üëâInterviews w/ @mecasullo &amp; @tormeysimon
üëâA commentary on #Trump &amp; the #uselections 
üëâBook reviews
üëâPublications alert
@PolStudiesAssoc https://t.co/KkAQK9U9H2","['Populism', 'Trump', 'uselections']",,"[{'_type': 'snscrape.modules.twitter.Photo', 'previewUrl': 'https://pbs.twimg.com/media/EtOJFoKXYAAarLI?format=jpg&name=small', 'fullUrl': 'https://pbs.twimg.com/media/EtOJFoKXYAAarLI?format=jpg&name=large'}]",en,cadenaroa,1,2
1.41431E+18,https://twitter.com/willemklerk/status/1414307254556405766,2021-07-11 19:35:00+00:00,"Nieuw bewijs wijst op genoeg illegale stemmen in Georgia om 2020 resultaten te kantelen #uselections

https://t.co/TaAxpOrBOQ",['uselections'],,,nl,willemklerk,0,0
1.41426E+18,https://twitter.com/RocBrady/status/1414256807925649411,2021-07-11 16:14:33+00:00,"Who is Reality Winner, and why is she not being protected for her courageous efforts to alert us to #threats to what we treasure - #free, #fair, #unobstructed  #USelections? Can @reuters @AP investigate? NSA Whistleblower Reality Winner https://t.co/MlcVUKm2lc","['threats', 'free', 'fair', 'unobstructed', 'USelections']",,,en,RocBrady,0,0
1.41414E+18,https://twitter.com/Blog1600Penn/status/1414143423108558851,2021-07-11 08:44:00+00:00,"Das Feld der potentiellen republikanischen Pr√§sidentschaftskandidaten ist so lange weitestgehend eingefroren, wie #Trump sich nicht zu seiner politischen Zukunft ge√§u√üert hat. Dennoch laufen sich erste Kandidaten warm.

https://t.co/lQK6eRQvkV #Blog1600Penn #USElections","['Trump', 'Blog1600Penn', 'USElections']",,,de,Blog1600Penn,0,0
1.41362E+18,https://twitter.com/killer_rabbit90/status/1413620716512161793,2021-07-09 22:06:57+00:00,"Duh. ""The Biggest Threat to Democracy Is the GOP Stealing the Next Election"" https://t.co/riuuqRQtE0 #news #uspoli #USElections #ElectionRigging #JerryMandering #VoterSuppression #racism","['news', 'uspoli', 'USElections', 'ElectionRigging', 'JerryMandering', 'VoterSuppression', 'racism']",,,en,killer_rabbit90,0,0
1.41358E+18,https://twitter.com/RusticViking/status/1413575094798995458,2021-07-09 19:05:40+00:00,".@VP @KamalaHarris is LYING to the American people about voter laws. This is the goddamn Vice President!!! WTF?? Step down if you can‚Äôt do the job and be honest!
#VoterID #voterlaw #USelections #USA #KamalaHarris","['VoterID', 'voterlaw', 'USelections', 'USA', 'KamalaHarris']",,,en,RusticViking,0,0
1.41354E+18,https://twitter.com/Blog1600Penn/status/1413538940221526017,2021-07-09 16:42:00+00:00,"Haben Moderate wie @LarryHogan √ºberhaupt noch eine Chance in der Republikanischen Partei? Es w√§re der Partei wie dem Land zu w√ºnschen. 
 https://t.co/lQK6eRQvkV #Blog1600Penn #USElections #LarryHogan","['Blog1600Penn', 'USElections', 'LarryHogan']",,,de,Blog1600Penn,1,1
1.41318E+18,https://twitter.com/WomensPowerCen/status/1413184866070499330,2021-07-08 17:15:02+00:00,#americanelection #USElections #RT Women's power site:What if #Trump becomes #USPresident https://t.co/mg0jk9kAWD https://t.co/9JMGxRHG1L,"['americanelection', 'USElections', 'RT', 'Trump', 'USPresident']",,"[{'_type': 'snscrape.modules.twitter.Photo', 'previewUrl': 'https://pbs.twimg.com/media/ChUePwHWUAAZfEo?format=jpg&name=small', 'fullUrl': 'https://pbs.twimg.com/media/ChUePwHWUAAZfEo?format=jpg&name=large'}]",en,WomensPowerCen,0,0
1.41306E+18,https://twitter.com/Blog1600Penn/status/1413055252731813888,2021-07-08 08:40:00+00:00,"Wer bei den Pr√§sidentschaftsvorwahlen 2024 eine Chance haben will, sollte sich schon jetzt in den fr√ºhen Vorwahlstaaten engagieren und sich f√ºr Parteikollegen im Wahlkampf zu den #midterms2022 einsetzen. 
 https://t.co/lQK6eRyTWl #Blog1600Penn #uswahl2024 #USElections","['midterms2022', 'Blog1600Penn', 'uswahl2024', 'USElections']",,,de,Blog1600Penn,1,3
1.41287E+18,https://twitter.com/PaulMaxit/status/1412874265175769089,2021-07-07 20:40:49+00:00,"#USElections On en est l√† dans l'Am√©rique du s√©nile #JoeBiden : si vous avez la boite L√©go du Capitole (mais pas que), vous √™tes un dangereux extr√©miste et on vous arr√™te.","['USElections', 'JoeBiden']",,,fr,PaulMaxit,2,4
